{
  "PageName": "Customize Components",
  "BeforeUrl": "https://getbootstrap.com/docs/5.0/customize/components",
  "AfterUrl": "https://getbootstrap.com/docs/5.2/customize/components",
  "Typestamp": "2026-02-12T23:07:48.1917407Z",
  "DeviceType": "Desktop",
  "Viewport": {
    "Width": 1280,
    "Height": 720
  },
  "UserAgent": "Mozilla/5.0 (Windows NT 10.0; Win64; x64) AppleWebKit/537.36 (KHTML, like Gecko) Chrome/92.0.4515.159 Safari/537.36",
  "DifferencePercentage": 13,
  "TotalPixels": 5492630,
  "DifferentPixels": 727754
}