{
  "PageName": "Customize Components",
  "BeforeUrl": "https://getbootstrap.com/docs/5.0/customize/components",
  "AfterUrl": "https://getbootstrap.com/docs/5.2/customize/components",
  "Typestamp": "2026-02-12T23:07:51.8330868Z",
  "DeviceType": "Mobile",
  "Viewport": {
    "Width": 375,
    "Height": 800
  },
  "UserAgent": "Mozilla/5.0 (iPhone; CPU iPhone OS 15_0 like Mac OS X) AppleWebKit/605.1.15 (KHTML, like Gecko) Version/15.0 Mobile/15E148 Safari/604.1",
  "DifferencePercentage": 23,
  "TotalPixels": 2072160,
  "DifferentPixels": 473092
}