{
  "PageName": "Introduction",
  "BeforeUrl": "https://getbootstrap.com/docs/5.0/getting-started/introduction",
  "AfterUrl": "https://getbootstrap.com/docs/5.2/getting-started/introduction",
  "Typestamp": "2026-02-12T23:04:59.5463467Z",
  "DeviceType": "Desktop",
  "Viewport": {
    "Width": 1280,
    "Height": 720
  },
  "UserAgent": "Mozilla/5.0 (Windows NT 10.0; Win64; x64) AppleWebKit/537.36 (KHTML, like Gecko) Chrome/92.0.4515.159 Safari/537.36",
  "DifferencePercentage": 12,
  "TotalPixels": 5722860,
  "DifferentPixels": 660496
}