{
  "PageName": "Contents",
  "BeforeUrl": "https://getbootstrap.com/docs/5.0/getting-started/contents",
  "AfterUrl": "https://getbootstrap.com/docs/5.2/getting-started/contents",
  "Typestamp": "2026-02-12T23:05:31.6770981Z",
  "DeviceType": "Mobile",
  "Viewport": {
    "Width": 375,
    "Height": 800
  },
  "UserAgent": "Mozilla/5.0 (iPhone; CPU iPhone OS 15_0 like Mac OS X) AppleWebKit/605.1.15 (KHTML, like Gecko) Version/15.0 Mobile/15E148 Safari/604.1",
  "DifferencePercentage": 20,
  "TotalPixels": 1636560,
  "DifferentPixels": 327044
}