{
  "PageName": "Forms",
  "BeforeUrl": "https://getbootstrap.com/docs/5.0/forms/overview",
  "AfterUrl": "https://getbootstrap.com/docs/5.2/forms/overview",
  "Typestamp": "2026-02-12T23:06:44.3843608Z",
  "DeviceType": "Mobile",
  "Viewport": {
    "Width": 375,
    "Height": 800
  },
  "UserAgent": "Mozilla/5.0 (iPhone; CPU iPhone OS 15_0 like Mac OS X) AppleWebKit/605.1.15 (KHTML, like Gecko) Version/15.0 Mobile/15E148 Safari/604.1",
  "DifferencePercentage": 23,
  "TotalPixels": 3044520,
  "DifferentPixels": 713898
}