{
  "PageName": "Typography",
  "BeforeUrl": "https://getbootstrap.com/docs/5.0/content/typography",
  "AfterUrl": "https://getbootstrap.com/docs/5.2/content/typography",
  "Typestamp": "2026-02-12T23:06:23.271089Z",
  "DeviceType": "Mobile",
  "Viewport": {
    "Width": 375,
    "Height": 800
  },
  "UserAgent": "Mozilla/5.0 (iPhone; CPU iPhone OS 15_0 like Mac OS X) AppleWebKit/605.1.15 (KHTML, like Gecko) Version/15.0 Mobile/15E148 Safari/604.1",
  "DifferencePercentage": 18,
  "TotalPixels": 5126400,
  "DifferentPixels": 934731
}