{
  "PageName": "Alerts",
  "BeforeUrl": "https://getbootstrap.com/docs/5.0/components/alerts",
  "AfterUrl": "https://getbootstrap.com/docs/5.2/components/alerts",
  "Typestamp": "2026-02-12T23:07:19.7360298Z",
  "DeviceType": "Desktop",
  "Viewport": {
    "Width": 1280,
    "Height": 720
  },
  "UserAgent": "Mozilla/5.0 (Windows NT 10.0; Win64; x64) AppleWebKit/537.36 (KHTML, like Gecko) Chrome/92.0.4515.159 Safari/537.36",
  "DifferencePercentage": 23,
  "TotalPixels": 12366640,
  "DifferentPixels": 2855117
}