{
  "PageName": "Alerts",
  "BeforeUrl": "https://getbootstrap.com/docs/5.0/components/alerts",
  "AfterUrl": "https://getbootstrap.com/docs/5.2/components/alerts",
  "Typestamp": "2026-02-12T23:07:35.6996332Z",
  "DeviceType": "Mobile",
  "Viewport": {
    "Width": 375,
    "Height": 800
  },
  "UserAgent": "Mozilla/5.0 (iPhone; CPU iPhone OS 15_0 like Mac OS X) AppleWebKit/605.1.15 (KHTML, like Gecko) Version/15.0 Mobile/15E148 Safari/604.1",
  "DifferencePercentage": 44,
  "TotalPixels": 4388400,
  "DifferentPixels": 1930254
}