{
  "PageName": "Download",
  "BeforeUrl": "https://getbootstrap.com/docs/5.0/getting-started/download",
  "AfterUrl": "https://getbootstrap.com/docs/5.2/getting-started/download",
  "Typestamp": "2026-02-12T23:05:19.0104412Z",
  "DeviceType": "Mobile",
  "Viewport": {
    "Width": 375,
    "Height": 800
  },
  "UserAgent": "Mozilla/5.0 (iPhone; CPU iPhone OS 15_0 like Mac OS X) AppleWebKit/605.1.15 (KHTML, like Gecko) Version/15.0 Mobile/15E148 Safari/604.1",
  "DifferencePercentage": 24,
  "TotalPixels": 1920240,
  "DifferentPixels": 464914
}