{
  "PageName": "Browser support",
  "BeforeUrl": "https://getbootstrap.com/docs/5.0/getting-started/browsers-devices",
  "AfterUrl": "https://getbootstrap.com/docs/5.2/getting-started/browsers-devices",
  "Typestamp": "2026-02-12T23:05:44.1337029Z",
  "DeviceType": "Mobile",
  "Viewport": {
    "Width": 375,
    "Height": 800
  },
  "UserAgent": "Mozilla/5.0 (iPhone; CPU iPhone OS 15_0 like Mac OS X) AppleWebKit/605.1.15 (KHTML, like Gecko) Version/15.0 Mobile/15E148 Safari/604.1",
  "DifferencePercentage": 22,
  "TotalPixels": 1843560,
  "DifferentPixels": 413423
}