{
  "PageName": "About",
  "BeforeUrl": "https://getbootstrap.com/docs/5.0/about/overview",
  "AfterUrl": "https://getbootstrap.com/docs/5.2/about/overview",
  "Typestamp": "2026-02-12T23:08:00.517944Z",
  "DeviceType": "Desktop",
  "Viewport": {
    "Width": 1280,
    "Height": 720
  },
  "UserAgent": "Mozilla/5.0 (Windows NT 10.0; Win64; x64) AppleWebKit/537.36 (KHTML, like Gecko) Chrome/92.0.4515.159 Safari/537.36",
  "DifferencePercentage": 17,
  "TotalPixels": 2359225,
  "DifferentPixels": 404504
}