{
  "PageName": "About",
  "BeforeUrl": "https://getbootstrap.com/docs/5.0/about/overview",
  "AfterUrl": "https://getbootstrap.com/docs/5.2/about/overview",
  "Typestamp": "2026-02-12T23:08:02.8952297Z",
  "DeviceType": "Mobile",
  "Viewport": {
    "Width": 375,
    "Height": 800
  },
  "UserAgent": "Mozilla/5.0 (iPhone; CPU iPhone OS 15_0 like Mac OS X) AppleWebKit/605.1.15 (KHTML, like Gecko) Version/15.0 Mobile/15E148 Safari/604.1",
  "DifferencePercentage": 23,
  "TotalPixels": 1060200,
  "DifferentPixels": 245377
}